HLA,formatted_HLA
HLA-B*53:01,B5301
HLA-A*33:01,A3301
HLA-B*14:02,B1402
HLA-A*74:01,A7401
HLA-A*31:01,A3101
HLA-A*33:03,A3303
HLA-C*12:03,C1203
HLA-B*48:01,B4801
HLA-C*12:02,C1202
HLA-B*51:01,B5101
HLA-B*14:01,B1401
HLA-A*69:01,A6901
HLA-C*16:02,C1602
HLA-B*57:03,B5703
HLA-B*55:01,B5501
HLA-A*11:01,A1101
HLA-C*14:03,C1403
HLA-B*40:32,B4032
HLA-C*16:01,C1601
HLA-B*27:09,B2709
HLA-B*73:01,B7301
HLA-B*55:02,B5502
HLA-A*11:02,A1102
HLA-C*12:04,C1204
HLA-A*26:08,A2608
HLA-B*57:01,B5701
HLA-C*14:02,C1402
HLA-B*49:01,B4901
HLA-C*15:05,C1505
HLA-A*02:52,A0252
HLA-A*30:01,A3001
HLA-C*08:01,C0801
HLA-B*15:01,B1501
HLA-B*50:01,B5001
HLA-B*15:03,B1503
HLA-B*15:17,B1517
HLA-B*52:01,B5201
HLA-A*30:02,A3002
HLA-C*08:02,C0802
HLA-A*32:01,A3201
HLA-B*15:02,B1502
HLA-B*35:07,B3507
HLA-A*29:02,A2902
HLA-B*37:01,B3701
HLA-A*36:01,A3601
HLA-B*35:03,B3503
HLA-C*17:01,C1701
HLA-A*68:02,A6802
HLA-C*15:02,C1502
HLA-B*15:13,B1513
HLA-B*13:01,B1301
HLA-B*56:01,B5601
HLA-B*35:02,B3502
HLA-B*54:01,B5401
HLA-B*15:11,B1511
HLA-A*68:01,A6801
HLA-B*08:01,B0801
HLA-B*15:10,B1510
HLA-A*34:01,A3401
HLA-B*35:01,B3501
HLA-B*13:02,B1302
HLA-B*39:24,B3924
HLA-B*81:01,B8101
HLA-B*39:01,B3901
HLA-C*02:02,C0202
HLA-B*41:01,B4101
HLA-B*58:01,B5801
HLA-B*67:01,B6701
HLA-A*66:01,A6601
HLA-A*23:01,A2301
HLA-B*58:02,B5802
HLA-B*47:01,B4701
HLA-A*03:01,A0301
HLA-C*04:03,C0403
HLA-B*39:06,B3906
HLA-A*03:02,A0302
HLA-A*25:01,A2501
HLA-C*04:01,C0401
HLA-B*15:18,B1518
HLA-C*06:02,C0602
HLA-A*01:01,A0101
HLA-B*45:01,B4501
HLA-B*35:08,B3508
HLA-B*39:05,B3905
HLA-B*40:02,B4002
HLA-B*27:05,B2705
HLA-A*24:07,A2407
HLA-B*38:02,B3802
HLA-A*02:04,A0204
HLA-A*02:05,A0205
HLA-A*02:11,A0211
HLA-C*01:02,C0102
HLA-B*27:04,B2704
HLA-B*42:01,B4201
HLA-C*07:04,C0704
HLA-B*40:01,B4001
HLA-B*44:05,B4405
HLA-C*03:02,C0302
HLA-A*02:07,A0207
HLA-B*38:01,B3801
HLA-A*02:06,A0206
HLA-C*03:03,C0303
HLA-B*07:02,B0702
HLA-B*51:08,B5108
HLA-B*18:05,B1805
HLA-B*18:01,B1801
HLA-C*05:01,C0501
HLA-A*02:02,A0202
HLA-A*02:03,A0203
HLA-C*07:02,C0702
HLA-C*03:04,C0304
HLA-B*44:03,B4403
HLA-B*46:01,B4601
HLA-A*24:02,A2402
HLA-A*02:01,A0201
HLA-A*26:01,A2601
HLA-B*44:02,B4402
HLA-B*07:04,B0704
HLA-B*18:03,B1803
HLA-C*07:01,C0701
HLA-B*40:06,B4006
